,City,Cloudiness,Country,Date,Humidity,Lat,Lng,Max Temp,Wind Speed
0,Santa Vitoria do Palmar,48,BR,1547943581,81,-33.52,-53.37,292.207,6.02
1,Atuona,92,PF,1547943136,100,-9.8,-139.03,299.207,7.42
2,Neubrandenburg,76,DE,1547943581,95,53.56,13.26,270.007,2.42
3,Punta Arenas,0,CL,1547938800,37,-53.16,-70.91,286.15,12.3
4,Busselton,0,AU,1547943118,82,-33.64,115.35,297.007,2.77
5,Torres,92,BR,1547943582,100,-29.34,-49.73,294.732,4.32
6,New Norfolk,75,AU,1547940600,38,-42.78,147.06,296.15,4.6
7,Cidreira,100,BR,1547943318,96,-30.17,-50.22,294.107,6.12
8,Sao Filipe,8,CV,1547943166,95,14.9,-24.5,295.207,7.52
9,Rikitea,64,PF,1547943149,100,-23.12,-134.97,299.782,4.77
10,Albany,90,US,1547942340,76,42.65,-73.75,269.25,4.1
11,Ushuaia,40,AR,1547938800,61,-54.81,-68.31,283.15,15.4
12,Sfantu Gheorghe,75,RO,1547940600,91,44.65,26.83,273.15,5.7
13,Arraial do Cabo,36,BR,1547943370,87,-22.97,-42.02,299.632,9.42
14,Bluff,0,AU,1547943275,54,-23.58,149.07,301.657,4.32
15,Tasiilaq,8,GL,1547941800,68,65.61,-37.64,269.15,1.5
16,Inuvik,90,CA,1547938800,83,68.36,-133.71,253.15,2.92
17,Torbay,5,CA,1547938800,73,47.66,-52.73,268.15,4.6
18,Puerto Ayora,75,EC,1547938800,78,-0.74,-90.35,300.15,5.7
19,Redmond,75,US,1547942100,76,47.67,-122.12,284.15,2.6
20,Marrakesh,20,MA,1547942400,81,31.63,-7.99,283.15,3.1
21,Uruzgan,92,AF,1547943585,96,32.93,66.63,272.232,1.37
22,Hamilton,90,CA,1547941980,71,43.26,-79.87,264.15,6.7
23,Hilo,1,US,1547938380,62,19.71,-155.08,299.85,3.6
24,Bethel,90,US,1547942160,80,60.79,-161.76,263.15,2.1
25,Victoria,75,BN,1547940600,94,5.28,115.24,300.15,4.82
26,Huayucachi,68,PE,1547943585,74,-12.13,-75.23,280.657,0.92
27,Qaanaaq,0,GL,1547942560,100,77.48,-69.36,240.982,4.67
28,Jaguaruna,92,BR,1547943591,100,-28.62,-49.03,296.232,6.77
29,Bilma,0,NE,1547943239,47,18.69,12.92,283.107,1.37
30,Nizhniy Kuranakh,56,RU,1547943594,34,58.84,125.49,241.857,1.62
31,Mahebourg,75,MU,1547938800,94,-20.41,57.7,298.15,1.5
32,Puerto Leguizamo,92,CO,1547943595,97,-0.19,-74.78,295.757,0.97
33,San Patricio,88,PY,1547943313,74,-26.98,-56.83,296.357,3.02
34,Erenhot,0,CN,1547943595,75,43.65,111.97,252.557,5.47
35,Kodiak,1,US,1547942100,47,39.95,-94.76,263.15,4.6
36,Victoria,75,BN,1547940600,94,5.28,115.24,300.15,4.82
37,Khatanga,64,RU,1547943295,68,71.98,102.47,249.982,4.52
38,Bredasdorp,0,ZA,1547938800,66,-34.53,20.04,285.15,1.0
39,Jamestown,92,AU,1547942993,77,-33.21,138.6,290.657,2.87
40,Barrow,0,AR,1547943263,51,-38.31,-60.23,295.532,6.37
41,Souillac,76,FR,1547940600,93,45.6,-0.6,280.15,1.5
42,Doksy,0,CZ,1547940600,85,50.56,14.66,268.15,1.5
43,Sibolga,32,ID,1547943596,100,1.74,98.78,292.782,0.87
44,Ilulissat,80,GL,1547941800,84,69.22,-51.1,257.15,7.7
45,Hasaki,75,JP,1547942400,59,35.73,140.83,276.15,0.5
46,Pareora,8,NZ,1547943597,73,-44.49,171.21,291.607,6.37
47,Castro,0,CL,1547938800,64,-42.48,-73.76,293.15,2.6
48,Aracati,20,BR,1547943597,92,-4.56,-37.77,297.507,2.57
49,Umm Lajj,20,SA,1547943597,100,25.02,37.27,286.157,1.82
50,Launceston,0,AU,1547940600,49,-41.43,147.14,295.15,4.6
51,Port Alfred,68,ZA,1547943131,97,-33.59,26.89,290.532,3.77
52,Zheleznodorozhnyy,40,RU,1547942400,78,55.75,38.0,265.15,2.0
53,Hithadhoo,80,MV,1547943172,100,-0.6,73.08,299.457,2.52
54,Noyabrsk,88,RU,1547943598,93,63.2,75.45,265.507,3.57
55,Lagoa,20,PT,1547940600,93,37.14,-8.45,287.15,6.2
56,Karasuk,56,RU,1547943598,74,53.73,78.03,263.207,4.27
57,Hobart,75,AU,1547940600,38,-42.88,147.33,296.15,4.6
58,Clyde River,40,CA,1547938800,74,70.47,-68.59,243.15,1.0
59,Slyudyanka,24,RU,1547943599,54,51.66,103.72,256.232,2.07
60,Yar-Sale,20,RU,1547943370,89,66.83,70.83,256.307,4.67
61,Alice Springs,0,AU,1547942400,19,-23.7,133.88,310.15,4.6
62,Mutsu,75,JP,1547942400,74,41.29,141.2,271.15,2.1
63,Upernavik,24,GL,1547943250,100,72.79,-56.15,250.857,3.67
64,Evensk,68,RU,1547943600,100,61.92,159.24,263.607,9.22
65,Lipin Bor,88,RU,1547943600,84,60.26,37.97,263.107,4.67
66,Brae,44,GB,1547941800,100,60.4,-1.35,279.15,3.1
67,Bin Qirdan,8,TN,1547943601,78,33.14,11.22,280.882,4.02
68,Khasan,0,RU,1547943601,91,42.43,130.64,264.707,5.27
69,Butaritari,44,KI,1547943242,100,3.07,172.79,301.882,5.62
70,Chuy,48,UY,1547943251,81,-33.69,-53.46,292.207,6.02
71,Avarua,75,CK,1547942400,74,-21.21,-159.78,303.15,3.6
72,Lorengau,92,PG,1547943241,100,-2.02,147.27,299.982,5.62
73,Patiala,68,IN,1547943602,86,30.33,76.41,281.407,1.32
74,Ribeira Grande,100,PT,1547943135,100,38.52,-28.7,289.457,1.77
75,Yellowknife,75,CA,1547938800,76,62.45,-114.38,249.15,8.2
76,Biscarrosse,90,FR,1547940600,93,44.41,-1.18,279.15,2.77
77,Padang,76,ID,1547943358,100,-0.92,100.36,298.557,2.32
78,Okhotsk,36,RU,1547943603,100,59.36,143.24,248.957,5.62
79,Norman Wells,75,CA,1547938800,64,65.28,-126.83,255.15,5.1
80,Thompson,5,CA,1547938800,67,55.74,-97.86,241.15,2.1
81,Rawson,0,AR,1547943330,12,-43.3,-65.11,304.482,5.42
82,Barcelos,40,PT,1547940600,76,41.53,-8.62,286.15,7.7
83,Mataura,80,NZ,1547943264,66,-46.19,168.86,289.907,11.92
84,Glencoe,64,ZA,1547943604,79,-28.17,30.16,285.007,2.97
85,Vaini,0,IN,1547943240,82,15.34,74.49,287.857,1.12
86,Cap Malheureux,75,MU,1547938800,94,-19.98,57.61,298.15,1.5
87,Luderitz,0,NA,1547943314,53,-26.65,15.16,291.207,9.52
88,East London,92,ZA,1547943159,100,-33.02,27.91,291.357,6.32
89,Pontianak,75,ID,1547940600,100,-0.02,109.34,297.15,2.12
90,Bambous Virieux,75,MU,1547938800,94,-20.34,57.76,298.15,1.5
91,Nagapattinam,88,IN,1547943605,80,10.76,79.84,295.857,4.07
92,Mount Darwin,20,ZW,1547943605,87,-16.77,31.58,290.632,0.92
93,Port Elizabeth,90,US,1547942580,82,39.31,-74.98,279.25,4.6
94,Aksu,90,KZ,1547942400,88,52.04,76.93,273.15,4.0
95,Rehoboth,0,NA,1547943606,16,-23.31,17.08,290.532,3.87
96,Kapaa,20,US,1547938560,64,22.08,-159.32,299.25,7.2
97,Burnie,0,AU,1547943372,93,-41.05,145.91,291.857,7.22
98,Gualaquiza,92,EC,1547943606,100,-3.4,-78.58,289.907,0.77
99,Leningradskiy,24,RU,1547943299,97,69.38,178.42,250.857,8.57
100,Alofi,48,NU,1547942400,79,-19.06,-169.92,303.15,3.6
101,Havoysund,32,NO,1547941800,79,71.0,24.66,266.15,7.7
102,Veriora,56,EE,1547942400,92,58.01,27.36,272.15,6.0
103,Kingsville,90,US,1547942400,93,39.45,-76.42,278.75,4.6
104,Saint Anthony,90,US,1547942160,91,43.97,-111.68,273.75,3.1
105,Ponta do Sol,36,BR,1547943274,86,-20.63,-46.0,294.857,1.32
106,Nicolas de Pierola,75,PE,1547942400,83,-11.95,-76.7,295.15,5.1
107,San Fernando,0,CL,1547942400,47,-34.58,-70.99,298.15,3.6
108,Sahuaripa,0,MX,1547943609,55,29.05,-109.23,291.507,0.72
109,Oyama,75,JP,1547942400,64,36.31,139.8,275.15,0.5
110,Riberalta,90,BO,1547938800,100,-11.0,-66.08,297.15,1.07
111,Carnarvon,0,ZA,1547943246,38,-30.97,22.13,284.607,5.57
112,Flinders,90,AU,1547940600,83,-34.58,150.85,294.15,1.5
113,Knin,68,HR,1547942400,93,44.04,16.2,280.15,1.0
114,Luoyang,0,CN,1547943611,65,34.66,112.42,264.657,0.97
115,Hermanus,0,ZA,1547943118,92,-34.42,19.24,282.232,2.32
116,Pochutla,40,MX,1547941800,69,15.74,-96.47,301.15,2.32
117,Pisco,0,PE,1547938800,30,-13.71,-76.2,295.15,6.2
118,Codrington,75,AU,1547938800,61,-28.95,153.24,302.15,2.6
119,Malinalco,90,MX,1547942160,24,18.95,-99.5,299.15,1.0
120,Georgetown,75,GY,1547938800,83,6.8,-58.16,300.15,5.1
121,Esperance,20,TT,1547938800,78,10.24,-61.45,298.15,2.1
122,Naze,20,NG,1547938800,83,5.43,7.07,301.15,4.02
123,Bathsheba,40,BB,1547938800,73,13.22,-59.52,298.15,5.1
124,Kentau,92,KZ,1547943613,97,43.52,68.5,271.382,0.97
125,Saskylakh,68,RU,1547943165,67,71.97,114.09,242.557,5.57
126,Mount Gambier,40,AU,1547938800,68,-37.83,140.78,294.15,4.1
127,Kahului,40,US,1547938560,62,20.89,-156.47,300.95,9.3
128,Kaitangata,0,NZ,1547943167,62,-46.28,169.85,289.957,12.82
129,Bandarbeyla,92,SO,1547943156,100,9.49,50.81,297.482,6.27
130,Thunder Bay,5,CA,1547938800,48,48.41,-89.26,251.15,4.1
131,Barahona,75,DO,1547938800,83,18.21,-71.1,298.15,6.2
132,Saint-Philippe,90,CA,1547942100,77,45.36,-73.48,251.15,1.5
133,Sechura,0,PE,1547943615,73,-5.56,-80.82,297.807,5.12
134,Savannah Bight,20,HN,1547942400,83,16.45,-85.85,299.15,1.0
135,Kamenka,68,RU,1547943374,90,53.19,44.05,266.032,5.42
136,Carbonia,20,IT,1547941800,93,39.17,8.53,278.15,2.1
137,Casablanca,75,MA,1547940600,100,33.6,-7.62,286.15,5.7
138,Klaksvik,56,FO,1547941800,86,62.23,-6.59,278.15,7.7
139,Rio Gallegos,40,AR,1547942400,36,-51.62,-69.22,291.15,7.7
140,Belawan,92,ID,1547943617,100,-0.59,114.46,295.482,1.17
141,Cockburn Town,36,TC,1547943618,100,21.46,-71.14,299.007,7.72
142,Creston,1,US,1547942100,77,41.06,-94.36,261.15,6.2
143,Arroyo,90,US,1547942640,92,41.39,-78.88,271.45,5.7
144,Imbituba,75,BR,1547942400,78,-28.24,-48.67,296.15,7.7
145,Grand Gaube,75,MU,1547938800,94,-20.01,57.66,298.15,1.5
146,Matagami,0,NG,1547943619,69,9.67,8.4,288.982,0.17
147,Batagay-Alyta,48,RU,1547943619,0,67.8,130.41,228.707,1.17
148,Grand-Lahou,12,CI,1547943619,92,5.24,-5.0,298.282,1.87
149,Mayo,90,CA,1547938800,84,63.59,-135.9,255.15,1.17
150,Vila Franca do Campo,20,PT,1547940600,76,37.72,-25.43,287.15,2.6
151,Biltine,8,TD,1547943620,57,14.53,20.93,288.207,2.32
152,Tiksi,32,RU,1547943119,0,71.64,128.87,229.357,1.17
153,Ivanteyevka,40,RU,1547942400,92,55.97,37.92,265.15,4.0
154,Billings,75,US,1547941980,44,45.79,-108.5,278.75,8.7
155,Sidney,1,US,1547942160,75,47.72,-104.16,260.95,3.1
156,Cape Town,0,ZA,1547938800,59,-33.93,18.42,289.15,9.8
157,Salinopolis,32,BR,1547943319,100,-0.61,-47.36,299.607,3.87
158,Lewisporte,75,CA,1547938800,61,49.25,-55.06,262.15,7.2
159,Kulhudhuffushi,0,MV,1547943622,100,6.62,73.07,299.457,1.42
160,Maldonado,20,UY,1547942400,72,-34.91,-54.96,291.15,4.1
161,Kiama,90,AU,1547942400,73,-34.67,150.86,295.15,2.1
162,Russell,0,AR,1547942400,47,-33.01,-68.8,300.15,2.6
163,Liverpool,90,GB,1547941800,86,53.41,-2.98,277.15,3.6
164,Pevek,44,RU,1547943275,100,69.7,170.27,243.557,2.97
165,Dingle,92,PH,1547943624,99,11.0,122.67,296.007,4.07
166,Conceicao do Araguaia,92,BR,1547943389,93,-8.26,-49.26,299.207,2.07
167,Itarema,76,BR,1547943141,93,-2.92,-39.92,298.532,2.47
168,Macas,90,EC,1547938800,100,-2.3,-78.12,293.15,2.1
169,Tuktoyaktuk,90,CA,1547938800,77,69.44,-133.03,256.15,5.7
170,Mogadishu,0,SO,1547943291,100,2.04,45.34,298.957,10.32
171,Provideniya,76,RU,1547943120,100,64.42,-173.23,263.532,1.42
172,Monrovia,20,LR,1547940600,94,6.33,-10.8,298.15,1.87
173,Abu Dhabi,40,AE,1547942400,59,24.47,54.37,291.15,6.2
174,Macia,48,MZ,1547943625,74,-25.03,33.09,296.482,11.22
175,Jardim,48,BR,1547943626,69,-21.48,-56.15,299.557,2.92
176,Ketchikan,90,US,1547938560,85,55.34,-131.65,279.85,4.1
177,Villablino,0,ES,1547940600,100,42.94,-6.32,274.15,3.1
178,Jining,0,CN,1547943626,70,35.41,116.58,265.157,2.12
179,Menziken,20,CH,1547941800,92,47.24,8.19,270.15,1.07
180,Northam,88,GB,1547938200,93,51.04,-4.21,279.15,3.1
181,Pangnirtung,12,CA,1547943627,61,66.15,-65.72,236.357,1.57
182,Tungor,0,RU,1547943629,84,53.39,142.95,254.057,7.82
183,Chippewa Falls,1,US,1547943300,62,44.94,-91.39,259.55,3.1
184,Yenagoa,0,NG,1547943629,92,4.92,6.26,297.482,2.77
185,Tautira,40,PF,1547942400,59,-17.73,-149.15,305.15,5.1
186,Mackay,90,CA,1547938800,84,53.65,-115.58,259.15,3.6
187,Ocampo,92,PH,1547943630,96,13.56,123.37,298.032,7.02
188,Lulea,32,SE,1547941800,83,65.58,22.15,252.15,4.1
189,Guerrero Negro,0,MX,1547943244,31,27.97,-114.04,298.382,3.87
190,Methoni,56,GR,1547941800,62,36.82,21.7,285.15,2.1
191,Dikson,64,RU,1547943174,100,73.51,80.55,260.207,4.07
192,Puerto Baquerizo Moreno,90,EC,1547942400,94,-0.9,-89.6,298.15,6.2
193,Broome,8,GB,1547942160,100,52.47,1.45,273.15,1.0
194,Agadez,0,NE,1547943631,43,16.97,7.99,288.532,1.37
195,Voznesenskoye,48,RU,1547943632,84,54.89,42.76,266.357,4.82
196,Byron Bay,75,AU,1547940600,58,-28.65,153.62,302.15,5.1
197,Namibe,20,AO,1547943142,100,-15.19,12.15,297.007,2.42
198,Casper,1,US,1547941980,58,42.87,-106.31,274.85,11.3
199,Fairhope,1,US,1547942160,93,30.52,-87.9,289.25,3.6
200,Limoges,76,FR,1547940600,100,45.84,1.26,277.15,2.6
201,Beringovskiy,92,RU,1547943633,100,63.05,179.32,256.632,2.97
202,Talnakh,64,RU,1547943287,84,69.49,88.39,255.357,5.62
203,Faanui,24,PF,1547943330,100,-16.48,-151.75,301.557,5.62
204,Port Hedland,0,AU,1547940600,66,-20.31,118.58,306.15,4.1
205,Lompoc,1,US,1547940900,49,34.64,-120.46,295.35,1.37
206,Fortuna,75,ES,1547940600,81,38.18,-1.13,283.15,0.87
207,Jeremie,0,HT,1547943634,100,18.65,-74.12,297.357,1.17
208,Corrente,8,BR,1547943634,46,-17.45,-44.68,297.782,2.57
209,Oranjemund,0,ZA,1547943299,92,-28.55,16.43,290.807,13.07
210,Kenai,1,US,1547942160,76,60.55,-151.26,264.85,2.1
211,Kavieng,100,PG,1547943335,100,-2.57,150.8,298.732,4.47
212,Cayenne,75,GF,1547940600,83,4.94,-52.33,299.15,3.1
213,Te Anau,80,NZ,1547943186,81,-45.41,167.72,284.657,7.37
214,Mar del Plata,0,AR,1547942957,24,-46.43,-67.52,301.632,9.07
215,Tokur,48,RU,1547943636,50,53.13,132.9,244.782,1.07
216,Cherskiy,24,RU,1547943176,50,68.75,161.3,238.757,1.97
217,Mizque,92,BO,1547943636,100,-17.94,-65.34,286.232,1.07
218,Galle,1,US,1547942160,40,29.74,-97.91,286.45,7.2
219,Clermont,0,AU,1547943637,53,-22.82,147.64,301.457,4.47
220,Eureka,90,US,1547942100,100,40.8,-124.16,287.15,4.6
221,Ligayan,32,PH,1547943637,100,4.65,119.47,300.482,6.82
222,Longyearbyen,20,NO,1547941800,70,78.22,15.63,253.15,3.1
223,Troitskoye,80,RU,1547943638,74,52.98,84.68,259.882,1.42
224,Togur,76,RU,1547943367,89,58.36,82.83,265.607,2.77
225,Constitucion,40,MX,1547941440,21,23.99,-104.67,290.15,4.6
226,San Cristobal,75,EC,1547942400,82,-0.39,-78.55,288.15,5.1
227,Margate,75,AU,1547940600,38,-43.03,147.26,296.15,4.6
228,Coari,76,BR,1547943639,100,-4.09,-63.14,297.157,4.27
229,Harstad,20,NO,1547941800,92,68.8,16.53,267.15,1.5
230,Punta Cardon,0,VE,1547943639,61,11.61,-70.22,300.607,11.42
231,Daru,36,SL,1547943640,89,7.99,-10.85,296.807,1.57
232,Cabo San Lucas,5,MX,1547941320,38,22.89,-109.91,299.15,2.6
233,Lebu,0,ET,1547943266,81,8.96,38.73,276.307,1.12
234,Nikolskoye,90,RU,1547940600,85,59.7,30.79,269.15,5.0
235,Salalah,20,OM,1547941800,46,17.01,54.1,296.15,7.7
236,Visnes,0,NO,1547941800,100,59.36,5.22,272.15,4.6
237,Xuanwu,0,CN,1547942400,80,32.07,118.81,277.15,2.0
238,Isparta,75,TR,1547941800,86,37.77,30.56,276.15,2.6
239,Udachnyy,76,RU,1547943133,63,66.42,112.4,247.107,1.67
240,Soyo,32,AO,1547943341,97,-6.13,12.37,297.807,1.52
241,Grobina,88,LV,1547941800,86,56.54,21.17,276.15,8.2
242,Fort Wellington,80,GY,1547943641,99,6.4,-57.6,299.132,6.27
243,Huarmey,36,PE,1547943339,71,-10.07,-78.15,294.732,1.62
244,Saint George,75,GR,1547941800,93,39.45,22.34,280.15,1.32
245,Port Angeles,1,US,1547942160,79,48.12,-123.43,284.85,2.6
246,Kampot,20,KH,1547942400,88,10.62,104.18,297.15,1.0
247,Yamada,75,JP,1547942400,75,36.58,137.08,281.15,3.6
248,Bijar,20,IR,1547943643,61,35.87,47.6,258.357,1.37
249,Chokurdakh,12,RU,1547943244,0,70.62,147.9,232.107,1.22
250,Sri Aman,75,MY,1547942400,100,1.24,111.46,296.15,1.17
251,Jonesboro,90,US,1547942160,92,35.84,-90.7,272.55,8.2
252,Hoa Binh,75,VN,1547942400,100,20.81,105.34,291.15,1.0
253,Wajir,0,KE,1547943644,58,1.75,40.07,293.532,1.62
254,Necochea,0,AR,1547943625,73,-38.55,-58.74,292.807,5.37
255,Carupano,20,VE,1547943644,87,10.67,-63.26,298.532,6.72
256,Diosjeno,0,HU,1547940600,86,47.94,19.04,272.15,3.1
257,Yulara,48,AU,1547938800,30,-25.24,130.99,302.15,5.7
258,Tiznit,0,MA,1547943308,98,29.7,-9.73,284.107,0.42
259,Moose Factory,1,CA,1547938800,74,51.26,-80.61,243.15,1.12
260,Nuuk,80,GL,1547941800,92,64.17,-51.74,266.15,7.7
261,Los Llanos de Aridane,44,ES,1547942400,67,28.66,-17.92,290.15,4.1
262,Nanortalik,24,GL,1547943248,94,60.14,-45.24,269.807,3.77
263,Parabel,56,RU,1547943646,87,58.71,81.5,265.307,2.57
264,Gat,8,SN,1547940600,72,14.69,-16.54,291.15,6.2
265,Bodden Town,20,KY,1547942400,88,19.28,-81.25,299.15,1.5
266,Benghazi,88,LY,1547943646,95,32.12,20.07,291.557,4.77
267,Sambava,100,MG,1547943647,100,-14.27,50.17,297.282,6.92
268,Melville,90,CA,1547938800,75,50.93,-102.81,248.15,3.6
269,Kruisfontein,0,ZA,1547943252,89,-34.0,24.73,288.632,3.22
270,Kirksville,1,US,1547940900,85,40.19,-92.58,264.25,6.2
271,Tabou,76,CI,1547943648,100,4.42,-7.36,301.232,3.22
272,Mansa,0,IN,1547942400,54,23.43,72.66,287.15,1.0
273,Mae Hong Son,0,MM,1547943648,94,19.3,97.96,286.907,0.77
274,Rock Sound,36,BS,1547943649,100,24.9,-76.2,297.807,3.22
275,Bonavista,12,CA,1547943649,100,48.65,-53.11,266.157,10.57
276,Farrukhnagar,40,IN,1547942400,87,28.45,76.82,284.15,1.22
277,Awjilah,88,LY,1547943650,37,29.14,21.3,285.032,1.22
278,Camacha,75,PT,1547940600,72,33.08,-16.33,290.15,7.2
279,Port Blair,75,IN,1547940600,94,11.67,92.75,297.15,2.6
280,Monteagudo,75,BO,1547938800,64,-19.8,-63.96,297.15,1.17
281,Mazagao,40,BR,1547942400,100,-0.12,-51.29,299.15,1.5
282,Oboyan,0,RU,1547942400,92,51.21,36.28,263.15,4.0
283,Bereda,40,ES,1547940600,76,43.27,-7.54,284.15,6.7
284,Bowen,48,AU,1547943651,97,-20.01,148.25,300.357,9.17
285,Vestmannaeyjar,68,IS,1547943318,100,63.44,-20.27,275.032,6.07
286,Peterhead,0,AU,1547942400,38,-34.83,138.5,296.15,2.6
287,Baykit,44,RU,1547943652,71,61.68,96.39,261.882,4.37
288,Auki,12,NG,1547943652,40,12.18,6.51,292.057,2.02
289,Aklavik,90,CA,1547938800,76,68.22,-135.01,253.15,1.5
290,Pointe Michel,75,DM,1547938800,88,15.25,-61.38,295.15,1.0
291,Airai,32,TL,1547943296,87,-8.93,125.41,297.282,0.67
292,Lakatoro,68,VU,1547943328,85,-16.11,167.42,302.282,4.37
293,Pilar,0,AR,1547942400,64,-34.46,-58.91,294.15,3.1
294,Pacific Grove,1,US,1547942400,57,36.62,-121.92,294.15,3.1
295,Eregli,48,TR,1547943653,53,37.51,34.05,259.732,1.17
296,Ostrovskoye,56,RU,1547943653,85,57.81,42.24,262.982,4.72
297,Likhoslavl,76,RU,1547943653,87,57.12,35.47,267.632,5.27
298,Cangzhou,0,CN,1547943654,39,38.3,116.85,268.407,4.52
299,Komsomolskiy,80,RU,1547943342,89,67.55,63.78,263.207,5.02
300,Alta Floresta,24,BR,1547943247,83,-9.87,-56.08,299.132,1.37
301,Digha,0,IN,1547943654,100,21.62,87.51,289.907,1.97
302,Kambileyevskoye,24,RU,1547943654,66,43.07,44.75,263.857,0.97
303,Sumenep,56,ID,1547943654,100,-7.02,113.87,298.657,2.77
304,Geraldton,20,CA,1547938800,62,49.72,-86.95,246.15,1.5
305,Chapais,1,CA,1547938800,73,49.78,-74.86,239.15,1.0
306,Metro,20,ID,1547943655,100,-5.11,105.31,296.807,3.02
307,Xuddur,20,SO,1547943655,55,4.12,43.89,292.982,4.32
308,Peniche,40,PT,1547940600,87,39.36,-9.38,286.15,5.7
309,Balakhninskiy,76,RU,1547943655,77,58.01,114.28,261.507,1.97
310,Mangochi,32,MW,1547943656,98,-14.48,35.26,294.282,1.22
311,Labuhan,76,ID,1547943656,94,-2.54,115.51,297.732,1.12
312,Henties Bay,0,NA,1547943656,100,-22.12,14.28,290.057,2.42
313,Nizwa,0,OM,1547943656,95,22.93,57.53,282.257,1.32
314,Lavrentiya,56,RU,1547943219,100,65.58,-170.99,256.307,3.82
315,Ahipara,80,NZ,1547943148,78,-35.17,173.16,296.007,4.47
316,San Policarpo,92,PH,1547943293,100,12.18,125.51,297.407,9.07
317,Havre-Saint-Pierre,20,CA,1547942400,56,50.23,-63.6,246.15,4.6
318,Saldanha,100,PT,1547943285,96,41.42,-6.55,279.907,3.17
319,Faya,0,SA,1547942400,81,18.39,42.45,285.15,2.1
320,Kalabo,44,ZM,1547943657,98,-15.0,22.67,293.232,1.32
321,Aksarka,0,RU,1547943658,65,66.56,67.8,250.482,2.47
322,Taoudenni,0,ML,1547943658,36,22.68,-3.98,277.732,1.62
323,Kishi,76,NG,1547943658,53,9.08,3.85,299.232,3.82
324,Nakamura,75,JP,1547942400,81,35.17,136.87,279.15,6.7
325,Narsaq,76,GL,1547941800,78,60.91,-46.05,265.15,2.1
326,Erdaojiang,0,CN,1547943659,65,41.78,126.03,252.557,1.57
327,Ilhabela,20,BR,1547943659,99,-23.78,-45.36,300.657,2.72
328,Natal,20,BR,1547942400,78,-5.81,-35.21,301.15,3.6
329,Darhan,0,MN,1547943387,46,49.49,105.92,261.782,4.82
330,Burton,90,US,1547943360,76,43.0,-83.62,266.15,7.2
331,Terme,0,TR,1547941800,56,41.21,36.97,279.15,2.6
332,Kuminskiy,64,RU,1547943661,88,58.67,66.57,264.357,2.22
333,Pecos,1,US,1547942100,26,31.42,-103.49,287.55,3.1
334,Portland,90,US,1547941980,82,45.52,-122.67,284.85,1.12
335,Rockhampton,75,AU,1547942400,58,-23.38,150.51,301.15,5.1
336,Harper,1,US,1547942100,31,30.3,-99.24,285.35,8.2
337,Opuwo,20,NA,1547943662,55,-18.06,13.84,291.507,1.77
338,Vila Velha,40,BR,1547942400,94,-3.71,-38.6,299.15,1.5
339,Ortona,56,IT,1547938200,87,42.35,14.4,281.15,1.0
340,Hudson Bay,36,CA,1547943663,53,52.86,-102.4,244.907,2.02
341,Klichka,12,RU,1547943663,67,50.44,118.0,251.982,2.47
342,Kumbo,44,CM,1547943663,59,6.21,10.69,290.132,0.67
343,Rocha,36,UY,1547943142,66,-34.48,-54.34,291.057,4.27
344,Umbertide,88,IT,1547938500,86,43.31,12.34,278.15,2.6
345,Ostashkov,24,RU,1547943664,85,57.14,33.12,266.632,7.17
346,Flin Flon,20,CA,1547942400,74,54.77,-101.88,240.15,1.87
347,Deniliquin,32,AU,1547943664,47,-35.53,144.96,298.132,2.12
348,Teguldet,80,RU,1547943332,83,57.31,88.17,267.057,3.17
349,Saint-Joseph,92,FR,1547942400,100,43.56,6.97,280.15,1.5
350,Tyler,90,US,1547942100,63,32.35,-95.3,275.15,8.7
351,Maceio,40,BR,1547942400,88,-9.67,-35.74,298.15,2.1
352,Porto Novo,40,BR,1547942400,78,-23.68,-45.44,298.15,1.0
353,Tarata,75,PE,1547942400,68,-17.47,-70.03,293.15,3.6
354,Roebourne,0,AU,1547943123,47,-20.77,117.15,304.132,2.32
355,Saint-Francois,75,FR,1547940600,92,46.42,3.91,272.15,1.5
356,Lokosovo,80,RU,1547943666,86,61.13,74.84,266.757,4.67
357,Coxim,44,BR,1547943666,94,-18.5,-54.75,296.232,2.02
358,Tuatapere,92,NZ,1547943282,100,-46.13,167.69,286.532,11.52
359,Mnogovershinnyy,8,RU,1547943666,40,53.94,139.92,248.032,1.07
360,Aripuana,12,BR,1547943667,85,-9.17,-60.63,300.607,1.17
361,Deputatskiy,0,RU,1547943667,0,69.3,139.9,220.057,1.12
362,Matara,20,PE,1547943186,59,-13.74,-72.9,283.557,0.87
363,Bulgan,0,MN,1547943667,35,48.81,103.53,259.032,4.57
364,Shenzhen,40,CN,1547940600,82,22.54,114.05,292.15,4.1
365,Nacogdoches,90,US,1547942160,66,31.6,-94.66,275.95,8.7
366,Saint Albans,90,US,1547942100,77,44.81,-73.08,255.95,1.5
367,Kayes,0,ML,1547943668,38,14.44,-11.44,290.032,4.02
368,Muros,75,ES,1547940600,100,42.77,-9.06,282.15,4.1
369,Kautokeino,0,NO,1547943669,55,69.01,23.04,251.857,1.22
370,Anadyr,0,RU,1547940600,76,64.73,177.51,251.15,5.0
371,Kununurra,0,AU,1547942400,66,-15.77,128.74,305.15,0.5
372,Vestmanna,56,FO,1547941800,86,62.16,-7.17,278.15,7.7
373,Plymouth,8,GB,1547943670,100,50.37,-4.14,278.032,3.77
374,La Palma,12,CO,1547943670,72,5.36,-74.39,296.132,0.27
375,Aloleng,0,PH,1547943671,93,16.13,119.78,299.407,1.77
376,Shikhazany,0,RU,1547942400,85,55.56,47.39,264.15,4.0
377,Mikuni,75,JP,1547942400,75,36.22,136.15,281.15,5.1
378,Lata,12,IN,1547943672,74,30.78,78.62,271.632,0.97
379,Eyl,0,SO,1547943672,100,7.98,49.82,294.982,6.52
380,Poya,8,NC,1547943672,95,-21.35,165.16,298.857,6.72
381,Erzin,40,TR,1547941800,80,36.95,36.2,277.15,3.1
382,Barra dos Coqueiros,40,BR,1547942400,69,-10.91,-37.04,300.15,5.7
383,Bilibino,0,RU,1547943275,0,68.06,166.44,232.357,1.17
384,Trairi,64,BR,1547943673,100,-3.28,-39.27,299.882,3.22
385,Urubicha,36,BO,1547943673,71,-15.63,-63.08,298.707,1.82
386,Montes Claros,0,BR,1547938800,39,-16.73,-43.87,300.15,3.1
387,Caravelas,0,BR,1547943674,100,-17.73,-39.27,300.407,7.97
388,Olga,1,US,1547942280,37,34.11,-118.17,298.75,3.6
389,Calolziocorte,75,IT,1547941800,86,45.8,9.43,274.15,0.5
390,San Borja,0,BO,1547943674,78,-14.86,-66.75,295.857,1.57
391,Shingu,75,JP,1547942400,76,33.72,135.99,287.15,1.5
392,Adre,0,TD,1547943675,42,13.47,22.2,287.207,2.12
393,Yerbogachen,80,RU,1547943675,79,61.28,108.01,262.732,4.07
394,Chitrakonda,0,IN,1547943675,85,18.12,82.08,282.957,1.62
395,Boa Vista,0,BR,1547942400,51,2.82,-60.67,303.15,4.6
396,Gimli,0,CA,1547943535,50,50.63,-96.99,238.557,3.37
397,Dharchula,0,IN,1547943677,69,29.85,80.53,271.557,0.77
398,Lewistown,75,US,1547942100,79,40.39,-90.15,267.35,9.3
399,Vredendal,0,ZA,1547943679,77,-31.68,18.49,284.232,0.97
400,Ndioum,0,SN,1547943679,33,16.51,-14.65,288.007,4.47
401,Puerto Escondido,75,MX,1547941200,74,15.86,-97.07,300.15,1.67
402,Puerto del Rosario,88,ES,1547942400,63,28.5,-13.86,291.15,4.6
403,Gabu,68,CN,1547943680,75,34.78,103.0,255.282,1.32
404,San Carlos de Bariloche,0,AR,1547942400,31,-41.13,-71.31,296.15,6.7
405,Begoro,8,GH,1547943680,95,6.38,-0.38,295.607,1.57
406,Palmer,0,AU,1547940600,40,-34.85,139.16,296.15,3.6
407,Diego de Almagro,24,CL,1547943681,60,-26.39,-70.05,293.757,1.17
408,Gidole,32,ET,1547943681,59,5.65,37.37,291.207,1.07
409,Avera,90,US,1547943300,54,33.19,-82.53,294.25,7.7
410,Husavik,0,CA,1547943244,50,50.56,-96.99,238.557,3.37
411,Dullewala,92,PK,1547943681,79,31.84,71.44,282.282,1.32
412,Barroquinha,80,BR,1547943682,92,-3.02,-41.13,298.282,2.57
413,Atar,0,MR,1547943682,45,20.52,-13.05,283.457,3.17
414,Bobrovka,44,RU,1547943682,87,52.3,45.54,264.307,5.17
415,College,90,US,1547940360,84,64.86,-147.8,256.45,1.42
416,Kundiawa,92,PG,1547943683,100,-6.02,144.97,288.507,0.87
417,Khudumelapye,0,BW,1547943683,41,-23.91,24.95,293.057,5.82
418,Pangody,32,RU,1547943360,79,65.85,74.49,252.957,3.92
419,Nurota,80,UZ,1547940600,80,40.56,65.69,275.15,5.1
420,Juazeiro,0,BR,1547942400,31,-9.43,-40.51,304.15,3.6
421,Hualmay,24,PE,1547943683,81,-11.1,-77.61,294.907,2.07
422,Paamiut,76,GL,1547943684,100,61.99,-49.67,271.482,11.27
423,Lewiston,75,US,1547941980,78,46.42,-117.02,282.05,4.6
424,Akdepe,90,TM,1547942400,100,42.05,59.39,271.15,7.2
425,Meulaboh,68,ID,1547943150,100,4.14,96.13,297.857,2.27
426,Whitehorse,90,CA,1547938800,77,60.72,-135.06,259.15,3.1
427,Sydney,75,AU,1547942400,73,-33.85,151.22,296.15,3.6
428,Port Hardy,75,CA,1547938800,81,50.7,-127.42,280.15,1.5
429,Oistins,20,BB,1547942400,73,13.07,-59.53,298.15,4.1
430,Young,0,UY,1547943685,65,-32.7,-57.63,294.007,5.12
431,Kinkala,68,CG,1547938800,88,-4.35,14.75,298.15,2.1
432,Sitka,0,US,1547943179,64,37.17,-99.65,269.907,3.22
433,Teknaf,0,BD,1547943686,91,20.86,92.31,286.207,2.02
434,Camopi,76,GF,1547943686,96,3.17,-52.33,296.407,0.97
435,Shalakusha,68,RU,1547943686,84,62.23,40.26,263.107,1.67
436,Shimoda,75,JP,1547942400,50,34.7,138.93,285.15,5.1
437,Kenora,1,CA,1547942160,75,49.76,-94.48,248.15,1.97
438,Mitsamiouli,20,KM,1547943687,97,-11.38,43.28,301.557,5.87
439,Maun,0,BW,1547942400,88,-19.99,23.42,297.15,1.5
440,Taksimo,44,RU,1547943687,43,56.36,114.84,253.982,0.67
441,Praia,0,BR,1547938800,37,-20.25,-43.81,301.15,2.1
442,Zyryanka,20,RU,1547943367,0,65.73,150.89,231.757,1.17
443,Truth or Consequences,1,US,1547941980,14,33.13,-107.25,285.95,1.5
444,Kanigiri,0,IN,1547943688,90,15.41,79.51,289.307,1.22
445,Salmon Creek,90,US,1547941980,82,45.71,-122.66,284.25,1.12
446,Kutum,8,SD,1547943688,65,14.2,24.66,282.607,1.52
447,Smithers,75,CA,1547938800,86,54.78,-127.17,272.15,2.1
448,Salinas,1,US,1547942400,56,36.67,-121.66,294.15,2.1
449,Joao Pinheiro,76,BR,1547943689,64,-17.74,-46.17,297.532,0.42
450,De-Kastri,8,RU,1547943689,100,51.48,140.77,255.132,4.22
451,Vao,68,EE,1547943689,85,59.1,26.19,269.607,7.22
452,Ust-Nera,8,RU,1547943359,0,64.57,143.24,221.457,0.87
453,Kirakira,68,SB,1547943379,100,-10.46,161.92,301.757,2.32
454,Novyy Urgal,64,RU,1547943690,65,51.07,132.56,246.807,1.07
455,Beihai,0,CN,1547942400,42,38.95,121.19,270.15,6.0
456,Iqaluit,75,CA,1547938800,68,63.75,-68.52,244.15,4.1
457,Kampong Thum,0,KH,1547943344,71,12.71,104.89,296.482,3.32
458,Kabwe,48,ZM,1547943690,93,-14.44,28.44,291.882,2.52
459,Pandan Niog,8,PH,1547943691,100,6.23,120.56,300.632,7.22
460,Gigmoto,92,PH,1547943691,100,13.78,124.39,297.557,8.17
461,Valparaiso,90,US,1547942100,73,41.47,-87.06,271.15,7.7
462,Ostrovnoy,8,RU,1547943299,75,68.05,39.51,248.707,1.22
463,Ugoofaaru,12,MV,1547943285,100,5.67,73.0,299.457,2.22
464,Benguela,32,AO,1547943692,100,-12.58,13.4,297.382,1.97
465,Jumla,0,NP,1547943692,74,29.28,82.18,265.257,1.32
466,Berlevag,44,NO,1547943692,100,70.86,29.09,264.857,4.67
467,Diffa,12,NE,1547943692,40,13.32,12.61,287.507,2.42
468,Puebloviejo,20,CO,1547942400,83,10.99,-74.28,303.15,7.2
469,Concordia,56,AR,1547943297,81,-31.4,-58.02,294.557,6.32
470,Nabire,12,ID,1547943693,74,-3.36,135.5,299.157,0.87
471,Basoko,36,CD,1547943693,88,1.23,23.61,295.407,4.27
472,Murgab,8,TM,1547938800,80,37.5,61.97,275.15,1.0
473,Anloga,20,GH,1547938800,83,5.79,0.9,301.15,4.6
474,Petropavlovsk-Kamchatskiy,90,RU,1547942400,86,53.05,158.65,274.15,5.0
475,Luganville,68,VU,1547943694,100,-15.51,167.18,301.207,5.27
476,Kingaroy,8,AU,1547942400,47,-26.54,151.84,300.15,5.7
477,Mingaora,92,PK,1547943694,100,34.78,72.36,274.657,0.77
478,Ambanja,92,MG,1547943695,100,-13.68,48.45,294.007,1.12
479,Adrar,0,DZ,1547938800,29,27.87,-0.29,282.15,2.6
480,Kudahuvadhoo,56,MV,1547943695,100,2.67,72.89,300.457,5.17
481,Waipawa,0,NZ,1547943314,57,-39.94,176.59,294.357,8.37
482,Tual,80,ID,1547943278,100,-5.67,132.75,299.707,6.47
483,Locri,40,IT,1547938500,81,38.24,16.26,284.15,1.5
484,Dzhebariki-Khaya,8,RU,1547943695,0,62.22,135.8,226.757,1.07
485,Hutchinson,1,US,1547942160,74,38.06,-97.93,268.75,4.6
486,Viransehir,20,TR,1547943696,75,37.24,39.76,270.307,1.12
487,Fairbanks,90,US,1547942280,82,64.84,-147.72,255.95,1.42
488,Lexington,90,US,1547942100,92,38.05,-84.5,284.15,5.7
489,Corner Brook,75,CA,1547942400,66,48.95,-57.95,262.15,3.6
490,Laguna,5,MX,1547941260,31,27.52,-110.01,299.15,6.7
491,Xinpu,75,TW,1547942400,93,24.83,121.07,292.15,4.6
492,Palizada,75,MX,1547941440,74,18.25,-92.09,299.15,4.02
493,Axim,20,GH,1547943699,100,4.87,-2.24,301.032,2.57
494,Saquena,8,PE,1547943699,93,-4.67,-73.52,298.207,1.22
495,Darlawn,0,IN,1547943699,86,24.02,92.93,280.657,0.72
496,Garowe,0,SO,1547943699,96,8.41,48.48,290.032,3.22
497,Kaeo,48,NZ,1547943700,63,-35.1,173.78,299.007,4.82
498,Gidam,0,IN,1547943700,82,18.98,81.4,280.782,1.17
499,Nova Odesa,48,UA,1547943700,60,47.3,31.79,258.232,1.62
500,Quelimane,64,MZ,1547943700,96,-17.88,36.89,296.532,3.47
501,El Dorado,12,VE,1547943701,87,6.71,-61.64,296.032,1.07
502,Oktyabrskiy,40,RU,1547942400,78,55.61,37.97,265.15,2.0
503,Great Bend,1,US,1547942160,71,38.36,-98.78,267.55,2.6
504,Jaen,48,PE,1547943702,96,-5.71,-78.81,290.157,0.27
505,Gua Musang,92,MY,1547943702,98,4.88,101.97,295.307,0.92
506,Neiafu,90,TO,1547942400,88,-18.65,-173.98,299.15,4.1
507,Saint Pete Beach,90,US,1547943300,77,27.73,-82.74,296.15,5.1
508,Ust-Ishim,56,RU,1547943703,80,57.69,71.17,258.882,2.42
509,Singaparna,68,ID,1547943703,94,-7.35,108.11,293.957,0.67
510,Turbaco,0,CO,1547942400,88,10.33,-75.41,299.15,6.7
511,Kieta,64,PG,1547943360,97,-6.22,155.63,301.232,5.22
512,Onega,64,RU,1547943704,94,63.91,38.09,261.882,1.12
513,Kyren,0,RU,1547943704,29,51.68,102.13,242.507,0.92
514,Drabiv,8,UA,1547943705,65,49.96,32.14,260.232,3.47
515,Minab,0,IR,1547942400,76,27.15,57.07,289.15,2.1
516,Makaleng,64,BW,1547943705,94,-20.8,27.27,292.857,7.17
517,Shitanjing,0,CN,1547943705,56,39.23,106.34,250.382,0.52
518,Humaita,90,AR,1547942400,93,-24.93,-65.37,293.15,2.6
519,Leh,76,IN,1547943706,72,34.16,77.58,248.207,0.32
520,Grindavik,75,IS,1547942400,100,63.84,-22.43,273.15,11.3
521,Ojinaga,1,US,1547942100,26,29.56,-104.41,288.15,4.6
522,Sterlitamak,92,RU,1547943536,88,53.63,55.95,264.132,4.57
523,Gushikawa,40,JP,1547942400,79,26.35,127.87,296.15,2.6
524,Severo-Kurilsk,80,RU,1547943293,98,50.68,156.12,273.382,9.52
525,Sawtell,90,AU,1547942400,70,-30.38,153.1,302.15,5.1
526,Coruripe,88,BR,1547943707,97,-10.12,-36.18,300.132,5.82
527,Mantua,75,IT,1547942100,92,45.16,10.79,274.15,1.5
528,Bara,0,NG,1547943708,54,10.41,10.6,290.232,1.42
529,Quepos,20,CR,1547942400,68,9.43,-84.16,296.15,4.6
530,Vardo,90,US,1547942100,100,39.62,-77.74,275.15,1.5
531,Mpika,92,ZM,1547943709,95,-11.84,31.4,290.382,5.42
532,Gurupi,32,BR,1547943709,85,-11.73,-49.07,299.482,1.87
533,Nisia Floresta,20,BR,1547942400,78,-6.09,-35.21,301.15,3.6
534,Ormara,64,PK,1547943709,100,25.21,64.64,293.657,1.12
535,Marawi,88,PH,1547943709,97,8.0,124.29,294.057,1.12
536,Tacoronte,68,ES,1547942400,93,28.48,-16.41,290.15,7.2
537,Sungaipenuh,56,ID,1547943307,91,-2.08,101.38,292.632,0.62
538,Puri,20,ID,1547940600,100,-7.54,112.45,299.15,1.5
539,Lafia,0,NG,1547943710,59,8.5,8.51,291.507,1.77
540,Mariental,0,DE,1547943710,89,52.28,10.99,268.132,1.87
541,Novyye Burasy,0,RU,1547942400,73,52.13,46.08,266.15,7.0
542,Aktau,75,KZ,1547942400,80,43.65,51.16,274.15,3.0
543,Cortez,1,US,1547941980,52,37.35,-108.58,276.45,4.6
544,Jalu,80,LY,1547943327,41,29.03,21.55,282.457,1.22
545,Egvekinot,12,RU,1547943376,41,66.32,-179.17,240.282,1.32
546,Bay Roberts,5,CA,1547938800,73,47.58,-53.28,268.15,4.6
547,Yablonovo,0,RU,1547942400,92,50.85,37.36,263.15,4.0
548,Buin,0,CL,1547942400,53,-33.73,-70.74,297.15,2.6
549,Simpang,75,MY,1547942400,88,4.82,100.71,298.15,3.1
550,Kotido,12,UG,1547943716,71,3.01,34.12,290.207,1.77
551,Kokemaki,12,FI,1547941800,85,61.26,22.36,268.15,5.1
552,Haines Junction,36,CA,1547943338,84,60.75,-137.51,250.807,1.07
553,Chimoio,75,MZ,1547942400,94,-19.11,33.48,296.15,5.7
554,Krasnokamensk,12,RU,1547943717,67,50.1,118.04,251.982,2.47
555,Nagaur,32,IN,1547943717,74,27.2,73.74,284.982,1.22
556,Kaliningrad,75,RU,1547942400,86,54.71,20.51,274.15,5.0
557,Kirundo,75,BI,1547942400,88,-2.59,30.09,291.15,2.6
558,Ashington,75,GB,1547941800,93,55.18,-1.57,275.15,1.77
559,Volchansk,32,RU,1547943718,69,59.94,60.08,267.207,2.77
